"","beta_0","beta_1","beta_2","beta_3","beta_4"
"1",5.76612748478539,0.955432802682932,-2.8457517639087,-1.22899288206403,0.188217244799172
"2",5.41723471382495,0.915717276389853,-2.03261532035087,0.348570776036867,0.644833497489236
"3",-3.85269578223872,1.01820452204497,3.79072591267374,-1.88754216722805,0.1011778797702
"4",3.74246248027212,0.956291961815472,0.750143826365918,-0.554059905161589,0.556317615084962
"5",12.3961664959344,0.800270778525116,6.3968327038255,19.087684445327,0.264657649718004
"6",1.53066721318092,1.03068555229004,-3.98690650798108,-1.98093847937333,-0.184062038402589
"7",2.07496674135648,1.02385614715947,-4.07835754213311,0.425203843846764,0.218800786069186
"8",194.700951229863,1.18538424781149,199.235433677117,145.696041887921,-21.9345280355629
"9",-258.614103451677,2.82842136207427,-224.79153099167,-132.716493778551,-0.757340271414003
"10",7.53922889873027,0.868883300300352,2.62469839735074,-1.34987604444024,0.301054935946177
"11",6.65186545927233,0.709724119274128,16.6813051772864,13.5828582888504,0.367927189665739
"12",27.793585251445,0.501702507607146,-10.0805663223848,7.2444544697582,0.834460850642367
"13",-374.599234360483,29.4884852467509,118.821173090137,264.24332516662,-247.071138273165
"14",0.727561847715511,0.996579642656966,0.134238809235964,-1.51919564827295,0.541499855618764
"15",-75.3981121425943,-4.70063661022579,183.996761698118,-151.425423072946,-11.3936522263554
"16",-7.48369209292301,0.959413372867419,-20.7695028840449,-12.219746457531,0.421670778923419
"17",-1.81506498888258,0.971213770980242,-9.72053497109291,-1.72854702401827,0.820955178471272
"18",5.15711163939297,0.987666546600644,-2.63469343759038,-0.257800600751442,0.0284189822087322
"19",9.74858762680116,0.902832925078899,-0.82567843725771,-2.80690251493519,0.0559690009102219
"20",153.633209554675,6.87878228185525,384.595673062373,553.070635238695,-77.0217811842676
"21",2.34289134833327,0.964873597824764,0.484634823660857,-0.314987605090939,0.589901960041715
"22",-89.3591023206075,1.76109932251797,128.567716359141,-4.67841815395188,-3.25659275671065
"23",8.04070626868116,0.803822929653677,3.26769056414941,-0.122194049262167,0.202390764806229
"24",1.43236160100508,0.954460661994374,-0.430359127555658,-0.872410169508588,0.337575709839399
"25",7.03817368202293,0.943107100571987,-2.08957323117249,-1.42425059167208,0.194852780680057
"26",-5.52694144600347,1.11767014760935,2.07581913104228,-5.5753613250295,-0.208818491421949
"27",385.579315586859,-1.31053033847114,-149.549127241318,425.152993540908,-4.96032936517053
"28",-96.1782960193658,2.67070755115343,194.393745247567,-176.05819911495,-6.56414068789466
"29",0.811500194677739,0.996907705464435,0.00635923978254948,-0.436277881208052,0.567601739495135
"30",15.3809171472877,0.622194272071176,3.40875401441796,-1.26029076354654,0.295179015803082
"31",107.572398555361,-0.218920048851376,-13.1621822914823,-0.565505462714505,0.340845168562085
"32",-2.85784286918541,0.909899591342513,6.01745393493872,-5.14146993887049,0.538059688858878
"33",7.68502108135456,0.87755144679615,1.27558195147379,-1.61700987296214,0.396723124930624
"34",10.3946106270253,0.920979727838589,-1.87856688413904,-1.46031993582752,0.380254613870684
"35",2.06904014063907,0.872622128727291,6.25837793891083,-2.05462590522424,0.6117757130699
"36",65.4768706044423,7.80383215065476,555.063869460512,303.523473244876,-34.599635483478
"37",-194.540773157514,10.877563203754,-136.964527406642,-74.6390463175886,-20.8567340676473
"38",8.00398051959791,0.833206508226686,-3.0729778481719,-0.429948353472061,0.567504314206676
"39",120.79703669944,0.134544894780928,-199.741207303352,79.7357460222011,-14.1228987708287
"40",160.912267688857,-0.895726758804457,-27.6722293203618,63.0907395293698,-2.49257652926957
"41",223.432002837855,-9.39339564275889,157.718071636295,59.2871705298465,13.1710462233064
"42",1.68644071684197,0.987065620874245,-0.530404806856896,-1.37490383184039,0.36460651777935
"43",11.7773319331103,4.19194735237337,441.950461113274,-8.26601992069191,-7.4196258388154
"44",-113.221859854665,3.10084519761911,-549.109944791019,-55.3695973129118,27.0039604445077
"45",13.1363663890612,0.878727557246112,-4.22996583885059,-2.37829548230531,0.323345300433241
"46",-13.0698621670711,2.80725294693989,-364.379575213056,-167.451012191142,23.3206626653363
"47",0.204944743674987,0.994943971269119,-3.1519057209586,-2.68876866815403,0.524230809307251
"48",2.18859321405303,0.968029822071822,-0.55656213968984,-0.107118818587662,0.500548649479322
"49",-3.40624122389083,1.0122064798478,4.24680565423897,-2.95619245529861,-0.161274219814161
"50",20.245987113087,0.968992338364897,-17.1691660889511,3.60893263618022,0.247017397641558
"51",154.637537236767,-5.981660266956,89.5300839610203,-436.044614554369,-5.65642793985012
"52",4.28392509855933,0.952871310865701,-1.54797166053711,-0.236555538170486,0.290303826497921
"53",-7.34841430573172,0.89724308954804,58.5436203587835,-7.24837606416415,0.443803621833834
"54",104.251918519936,0.516265102550718,115.027078600691,60.4841876191886,0.682834419853679
"55",60.129604981469,0.395800597911341,-27.0007722279331,11.0917834131277,0.107795098513243
"56",213.491240653649,-10.1193726345949,155.363044444037,222.248363190644,54.5676684462582
"57",37.8707010207533,0.553852301505494,-1.37315794907036,-4.70473685308204,0.236038356494893
"58",-97.4543453291102,3.40872068553036,37.4716771807854,-25.9748482845667,-3.706852386727
"59",95.2725630531035,0.807962711211855,-50.2976195219794,183.59876798682,9.92597236832353
"60",415.403156923689,-6.4114889942034,-55.8263380891579,-61.3776065524217,5.01628511877094
"61",4.50422287759767,0.880367457246399,2.04016365003286,-0.610933410837664,0.622883106246948
"62",3.13007940966884,0.948023968468088,-1.77562102137227,0.430245085231533,0.816510554889233
"63",146.713779320417,-1.12578532567536,36.2852716105258,-38.7072610676919,1.02587009700344
"64",-38.9200659708232,6.50111285200192,-280.860561538142,19.1933861836425,-1.16748344087401
"65",2.95288259895655,0.966179231400236,-0.291852325261931,-0.220048754177147,0.679376871635193
"66",131.685380735416,-23.0969355617531,265.657035865907,188.522065099953,216.500888349948
"67",296.764277737098,2.03257140866121,-321.382225980775,-125.316052169193,16.9592118002216
"68",8.53733961068223,0.78398054562588,0.396242742148396,1.04636706557058,0.527979126147117
"69",193.08074178252,-2.51707732757059,-123.960337122402,-42.7359931854258,-0.0107057463784978
"70",4.44711448612724,0.815624585397578,1.58650216282681,-1.04799534018709,0.644439500951828
"71",4.38622967739114,0.949964521297233,-0.422587016513351,-1.46773912491658,0.337692709860167
"72",4.34126435820309,1.04254297626272,-5.73488481300834,-3.88832213712385,-0.0172291588359382
"73",-22.4049685364584,1.22766427651364,-43.128666448587,-21.6349153982753,0.166103096540764
"74",11.1717861559494,0.742499068529887,0.789120578469706,-2.44226871234069,0.385482530510163
"75",207.719061141111,2.38598809386004,148.928534089264,167.064140940876,-6.32998779154736
"76",2.39800800406921,0.984647019019944,-0.428958627945378,-1.27429784955274,0.245504858299552
"77",6.3795573723455,0.986458447025432,-3.72410242490475,-1.88164043372623,0.14315637522964
"78",14.0405030504537,0.832206799113464,-0.127260929433725,-1.45476004483892,0.280421544635527
"79",-108.759318724576,3.18076480254955,79.6954528337476,15.1647814969396,-3.79511176163104
"80",-3.36840138375956,-0.920077403179356,-331.345696571271,-94.705153457307,24.7437477370024
"81",4.19479067252799,1.10154582566802,-34.5397339377145,23.7143665302839,0.472327934281919
"82",337.932812566008,-5.34864724553794,91.5305272583519,266.315931456154,7.12184764265773
"83",-189.577298759351,-15.5328889955061,422.827746088992,-221.750024734968,-26.1150160660942
"84",4.45155006692144,0.890728458517886,1.22545103072283,-0.265230579439538,0.82463698812737
"85",8.8083581168119,0.894344610651418,-5.56691675259581,-1.1863052334479,0.315428820645247
"86",7.88194253695709,0.926216356505884,-1.86612090138526,-0.30709399430219,0.527714606498878
"87",99.8630504024778,-17.4444034596287,62.4992586071397,38.834216353338,101.307298852143
"88",18.0183756985077,0.59840310405675,-3.34028667907879,3.06502932744562,0.601005868041803
"89",-212.244161976615,2.90657608245466,63.5372902383185,-56.685437787398,-0.81565168812327
"90",-24.7861995796488,24.8368786605146,-99.0009222240614,-305.456507364392,100.754129859564
"91",343.271865565516,0.266745667851927,-82.4126670569095,-131.488639726527,-3.73566691671965
"92",6.57776357971462,0.960657999284186,-3.59173667728958,0.694224080949969,0.497524600701118
"93",-0.681244872213431,0.748057319336312,2.67202607717758,53.307831935865,0.23228517326423
"94",385.890599592086,-25.2650990367334,-274.699107723721,-234.986853114755,2.12717430374463
"95",-180.451059110002,-7.00614886201895,400.438478760863,-544.647238932975,-22.9280881602962
"96",11.0824887745303,0.885583404464807,-0.214302073849123,-1.05505917653772,0.557045791627294
"97",3.91649237895904,0.944460880505976,-0.14382890329664,-0.391896645805888,0.852998864206116
"98",1.69304347974319,0.973583705266767,0.515981017066924,-0.167428438504551,0.517418791742305
"99",2.71978023074567,0.949121410961241,0.313910603494068,-2.4670167770803,0.29193602151697
"100",2.20246889707452,0.987125643112638,-0.795334779414767,0.52522633312832,0.384863281946892
"101",11.3730435200474,0.487286495660584,7.63588783498129,1.53764809838211,0.108365352200417
"102",34.7787467544286,0.45094883900959,22.7228004223811,-32.5763440507258,0.941856727201575
"103",11.8625606207936,0.771997904094247,-1.4398263384838,-3.08820916266408,0.197108339397342
"104",30.4702746157042,0.40949403196785,0.299020912125796,16.741728737359,-0.453501437859569
"105",-263.995848774626,18.8294491716084,-93.9923809870573,-30.6371096140818,-5.91893416147302
"106",2.80024843239299,0.934280598740178,1.66080833416566,-0.25215609216559,0.610700339688515
"107",-76.1551954876524,3.19472612818171,10.6474005914591,23.0148382339643,-0.511502933874323
"108",2.29991583476719,1.00270000226213,-2.71190833862671,-1.72393433449459,0.211712839202053
"109",10.1851695648762,0.878548929089972,-1.31760773996937,0.121736386653954,0.243324622548644
"110",8.96367727864493,0.822223965803229,0.912959408365651,0.929738379475976,0.583316565815254
"111",10.0051609942394,0.871625757637356,-0.15690372723097,-0.599834918005274,0.384273319947673
"112",158.22653969805,-2.68337550619378,33.2028355460173,-85.115571373206,2.735609590127
"113",-82.6717679808198,2.6791464320656,-10.5382551659344,-66.6606389165865,1.43170274485694
"114",76.0129104650775,1.49729116972399,-266.812694258801,-39.8518733743744,-1.8329048622738
"115",4.16751252973623,0.968587551618166,-1.70131575112134,0.078679727047546,0.45511529922084
"116",-0.126851669410735,1.01437397651202,1.34723057883126,-2.58862219513372,0.468200403645579
"117",-12.3842730104299,3.27607973443828,-195.217670663256,24.4887441755708,-3.96396475926168
"118",133.048199955452,2.65056474553155,-109.85293002782,164.065540055851,-1.74615813671913
"119",243.323754786693,-27.0185076274119,328.862528802278,391.82064124117,40.6788835784874
"120",5.41243236378781,0.935748879922743,-0.262427336202422,-1.11046644262349,0.53343620121854
"121",0.582062036677188,0.960560474834918,4.02710538982434,-1.31219945135698,0.363115544635436
"122",3.5139210566591,0.955915547232367,0.0148653288713678,-0.363217333965252,0.275636791375459
"123",-47.392351794687,19.8847526130293,-329.170840544619,-258.382547551064,-167.90269107255
"124",9.34402241662953,0.891449989986363,-0.332849816584971,-0.831649939245006,0.269371939852088
"125",-20.294039518565,1.55373285303604,-90.5849598330895,-15.479387208973,-0.769701620015921
"126",-63.7986056772182,4.23260805255141,-113.834332707782,-109.054570314928,-2.11518733584571
"127",-36.2387269271846,2.86609300364365,-59.1537361988086,-0.543141508864995,-1.14574943431554
"128",7.01944561844139,0.926401926525119,-4.24441636298468,-1.2336368607708,0.385208641741629
"129",3.37468114068921,0.930743532137764,1.68660299411443,-0.243015411193027,0.382423231671877
"130",9.35392591118778,-8.31053931936942,587.286723780856,522.619060790847,-88.6872452797195
"131",59.4245014638899,0.111968648905421,-19.0952213629156,10.3917142533685,1.23207150650672
"132",0.669007368682718,0.935991781449218,4.6579138338862,0.480043990573408,0.546015785207684
"133",-456.217172913709,19.3395878850413,-102.398417611154,278.551914521254,-15.3819313843829
"134",35.1783910842113,-0.21172627563294,10.81609698489,2.34460076565818,0.708718390482381
"135",169.845175513001,-0.810623727069132,-42.5909481494568,57.3086499889668,-4.1849539641234
"136",59.6029758811526,-1.14210290273728,102.636957480159,84.9982104647898,3.03411789109842
"137",6.05231889609352,0.929254216349738,0.802308014176536,-0.489159500263965,0.303707060222418
"138",109.61997738155,-1.17113294543105,-263.902811711476,-91.5736489752281,12.6539486323303
"139",175.745623324689,-11.2193530788881,-106.760391197704,-173.076726033408,14.250735578804
"140",1.63381398106925,0.949241499959133,0.350042290626423,-2.26538746405535,0.46381109069111
"141",194.803293608837,-6.55399481465155,-19.7386608902013,-30.2498985738318,-1.39094490314875
"142",4.60777590929246,0.848776126757126,1.0812882426311,2.74655522512235,0.252347665933686
"143",-12.432495585091,1.2227455458366,1.80545921712995,-3.59324213878854,-0.622692882660603
"144",0.392659616973426,0.98009085437628,2.35281280215143,-0.381901776491258,0.147851790463709
"145",9.57244212167735,0.873426329355201,10.0002656432528,2.11257613435795,0.424328805345705
"146",4.60490599253545,0.905720900012533,6.64084902023691,0.172247100094376,-0.0936349146668959
"147",-321.442870371698,10.2363882749244,198.642940001538,-44.7218088733261,-22.6122799437917
"148",-358.799835112641,8.1776506552461,454.039990235681,111.411761156504,-7.85021172257136
"149",-76.3416845040975,5.24260498855109,17.0944240138693,96.2443831298346,-6.80594124511221
"150",0.772793898471682,0.965589280052285,2.60035876553903,-0.315822333781356,0.230001407708404
"151",0.294435689537012,0.977989241036419,1.00159137290034,1.29011347214896,0.256800129849605
"152",12.1227650017766,0.895527537911401,-13.9273133177885,-1.22561561238065,-0.0988969800619481
"153",-433.339364380544,159.009332030576,-29.2113079683836,43.4900214406305,-229.39574918055
"154",-255.060938516137,2.14912062895884,157.068005077909,48.7981921103158,-2.04431294851264
"155",7.70861045064458,9.75862742088918,-556.664319130309,266.652997982648,-6.94155747220314
"156",4.0891715169901,0.914922102542815,0.616644001971763,0.710450670081681,0.147933427864923
"157",75.041750501326,-3.36246222527372,-81.2378159958772,73.1363261540179,14.6355327364238
"158",7.55914876153474,0.931525382712325,-2.58372684860664,-0.38574780332857,0.116875162330385
"159",6.78443059422657,0.824009573447936,1.49614899882897,0.0888293171988971,0.440225505368032
"160",408.134323472656,19.0317502925102,-356.76647537031,-139.945402360592,3.13808242610129
"161",11.6224490439264,0.875449269920876,-3.89900237138135,-1.83288314349286,0.733512882662999
"162",14.5666229384357,0.909491340167795,-5.86941322763115,1.62543465016939,-0.157439582212882
"163",28.0921560139236,7.21882651485041,-133.734381085317,-184.823589148984,10.4380558833647
"164",-57.7264610896923,1.74461653034504,59.2857993950037,-1.35693674898189,0.444928693592675
"165",192.212505056183,-0.949537502325084,-99.562571370781,162.205736708337,-9.79806989003494
"166",-46.4217866554107,3.07509921707717,-242.326653924269,30.4894919790847,6.08816645267274
"167",4.32882635629796,0.933079886844581,0.707260765998649,2.84747351561257,0.306053118271677
"168",-291.217304442404,3.6131246077925,152.655719687198,-258.733551288256,3.00310231224459
"169",40.5633808525163,-14.624989474066,302.704528845556,-271.273305143201,-17.6168059310239
"170",-0.969559835220987,1.03084569710738,1.13161650733324,-1.14738781310962,0.271446102752873
"171",27.4946912659493,0.522598505794715,31.71015571773,36.6644475948209,-1.24088963431758
"172",97.3655412772108,-1.46325724908579,-365.080882627113,-19.0569641835298,2.25697680160194
"173",-4.47764477924312,1.12430090215899,0.978237547597102,1.11664547064345,0.171207883121496
"174",70.4399375978766,2.45479104538086,-138.104496617394,-205.922124066672,-5.90318989484282
"175",185.931725501817,0.613795063113331,-259.102243487848,18.9718060879114,0.675914655260081
"176",108.873934754813,-0.662606428052565,612.485809940037,95.5366086157942,1.24713597403076
"177",133.437037581278,0.00277223369787131,-382.924890893687,-43.1592105207384,4.00228259485441
"178",267.176497161932,-8.42111380401203,188.603345572847,26.5242626833304,3.46789293569359
"179",124.362301494414,-4.71382749225256,-53.2112189535472,-49.6900934463889,5.21864176592768
"180",44.6794563411344,-5.31278639864266,-218.6009548906,191.203690617752,13.731635960912
"181",-90.429235108057,2.33168266235296,252.544111758616,-232.630026644378,1.92915002916128
"182",-133.495577388727,2.95394836292162,134.795589211053,-35.4910330946082,-11.7828395217729
"183",-5.96774992346681,0.185971642010005,25.517898179341,-10.4472760113962,0.988714144747617
"184",59.7818631012425,0.537263184314457,-42.2381015109016,105.584986984471,-1.41919207782735
"185",6.63573195886219,0.879062527356611,-1.54150249854944,-0.792095139991862,0.444569058983172
"186",1.08830576259085,0.98192735106748,0.693526056546443,0.444766782215422,0.435153453216017
"187",225.52141276169,-17.5101820747542,385.106612529696,-154.578826532168,7.9931320929422
"188",-3.44616876570079,0.9209208660277,-7.47617198280665,-6.67456492955272,0.201745881337813
"189",106.993505635068,-3.81833956025026,30.7573952125526,-41.3213155474203,5.14526228591675
"190",-60.0151048457112,13.5997547240816,-51.5244462487201,-73.5244169334301,-13.181038335809
"191",48.9551726360477,0.0782815192433864,-9.73185493527059,10.4218163645305,0.598421983738029
"192",-76.1843438883572,3.24445377000354,-11.7619234432156,33.2395348474753,-1.50057849027311
"193",7.55925029479686,0.794191961749643,2.01006234034248,0.894498633326465,0.654382851887544
"194",3.53574475545655,0.889984664722306,4.23699317332431,3.43074418789087,-0.0990441401789713
"195",27.5988824578466,-0.257455324661109,53.6434402272367,-8.50400828487835,1.18691551631082
"196",2.35082639683772,0.947490601206001,1.10778922228843,1.54621766485226,0.276026488490251
"197",30.1131066576015,-1.55637224132226,34.464216128826,19.5807989929902,-5.30164747189259
"198",93.5786869304208,-1.64855844804424,-33.2772947526374,-63.1248406595488,1.09121980883612
"199",192.198458805193,-4.14630528033365,161.024813609005,-189.245549986286,4.36656186785035
"200",-167.076246671312,0.605765703790966,-98.2144532937111,384.57100366686,-45.9977083098603
"201",-22.5003591518944,1.54010670601757,28.7631315634891,-1.81837403981072,-0.0820294979556617
"202",-19.178546316454,3.09457583890183,19.900120989221,57.0614562235488,1.92815345944893
"203",11.5725781959686,0.724323732357539,-0.873900326081086,-2.84231092391044,0.550759679358705
"204",0.21407873249413,1.06336608235763,-2.80973568433855,-0.398504894741559,0.134752925239646
"205",46.0182825081978,0.171869628194563,-8.56124321277718,4.20544996171154,0.559188165334318
"206",10.7895558515189,0.766381008463487,-0.980779560015343,1.15109386177472,0.440701569541064
"207",60.3680013011073,-0.57506738285953,-2.19924196594089,2.66986939976779,1.205364254436
"208",59.7243835417175,3.74042033999606,-324.059494969891,66.4875879116438,1.0354796708403
"209",156.529980513086,1.40241956042011,-200.736064114198,-51.4880680756395,-0.813759056328151
"210",10.7923551333783,0.830277367782368,9.65970773122675,1.88387710409946,0.800860418249612
"211",217.625752318453,-11.6766478007402,72.4324734359797,131.150167010835,-23.8988614298434
"212",11.6446195936083,0.708683936643137,-0.800742314920249,1.47580472019747,0.60595206301917
"213",251.013506577328,0.706325763938779,-204.447483800732,200.209829333438,-8.29911770355291
"214",-138.815767511414,1.77911423826621,153.456347297791,-119.202812452424,-0.855965468609596
"215",10.543330573975,0.767421203058146,-6.25106566535171,4.76272253874655,0.293285289042212
"216",30.8253020885176,0.566584089387592,-9.31815182436612,10.9020303026423,-0.184870896435854
"217",355.910771924196,1.09414780996748,-212.329438605329,434.079740285934,0.376439833895973
"218",-28.819781422594,3.17302505839448,-171.752116884963,-184.687242687364,-4.29115009696901
"219",21.8839676093326,0.797515788056147,-13.6855257388186,11.8611487510912,0.541903713621139
"220",2.68088626444329,0.917234738985973,3.06193343349388,-0.0861312744694707,0.556932570465206
"221",-0.219565249609297,0.971140084916841,2.4144599601711,-2.09175763011114,0.289202976639773
"222",173.889326395111,-9.40413816289108,105.504464756987,75.9758550871563,0.319192784268229
"223",152.284700357463,-3.02840993810717,-20.6549695655224,0.394246341035204,5.03467992349603
"224",38.3893994915423,-0.133207848802334,-18.6995136669761,11.736853756399,0.562033107581272
"225",15.9293228470816,0.432944236002336,6.58828962142262,0.164628746302372,-0.135501267399824
"226",7.41232108003514,1.11328382931547,-12.0860602520616,-13.3595662942232,0.0762634010659183
"227",-19.9429076581864,1.22335426716883,-8.46220594663449,295.005434618677,-1.16144806505834
"228",4.96796482374311,1.16307246371374,1.67571995054016,-12.563240822302,-0.59847670280135
"229",0.321525354761988,1.01278418703035,-2.52911724384988,-1.26754779179141,0.786694549326385
"230",2.98774811745665,0.952346011198507,2.01202297885204,-1.27013598084361,0.130257213891051
"231",2.56082524091749,0.926322997474496,7.08678688278258,-2.79747478619058,0.174542424641809
"232",11.9080678065286,0.75704676064042,-0.226708156988058,-0.647933099308322,0.342255354346305
"233",397.99412469554,-2.60231628101542,50.9149242861906,50.4292291458348,1.15048238180347
"234",16.0295598221283,0.572715920018592,2.93373472693405,-4.56906769118139,0.505416009756599
"235",3.01433108500551,0.816642445813897,-3.32311320447758,7.57600709551297,-0.0512409462754018
"236",65.864279887812,4.2667757324672,-159.719272194686,23.1198656559064,-7.19697813243741
"237",181.14748245418,3.26037904325387,-120.724348510077,-655.292905289557,111.580809465128
"238",-27.8286346922884,0.0318678981557878,-162.00256313417,-56.3654057388119,6.91016712841919
"239",-157.806206177265,-18.1440972611842,-389.546499789638,-407.793576866517,76.4446627948575
"240",-138.849044907069,-11.5310770001453,-465.58106555519,-224.270395408343,-9.65965931594471
"241",27.6954079491175,17.0452621132331,-272.777856489934,440.891559498929,1.16229886795379
"242",346.904107069129,-18.3982474709723,199.740652944726,94.336336630997,-4.52531442667172
"243",39.8581936208307,0.678894450626907,-23.4239378854092,9.43082016344889,1.36633687205221
"244",3.70871939535237,0.968139249782743,-2.72350219699623,0.325736191349186,0.354033950383946
"245",-13.2257346617428,1.64724479743757,-1.02228485593592,-9.06257133067501,0.869297935669786
"246",36.6446159250945,-3.76483141072806,81.4626300738443,-276.170254416452,4.6806788875801
"247",528.681062197117,-18.5873752527113,43.0204213066873,-9.33293769044979,43.4463449696147
"248",-148.752760939731,4.34528890805459,26.7177913673692,27.5129170340003,9.14945459922082
"249",53.0003383196856,-0.00283502030394317,0.748680862963304,-3.61030275021271,0.572641052404084
"250",211.109567678106,8.70546692975433,97.3865770290256,317.652673432573,-30.4347260367119
"251",104.172126592081,-1.67774612134483,39.8753590837769,-47.9330103893081,2.82155843164406
"252",2.80068202215268,0.823853727836383,2.31429055116844,-0.796675731457179,0.332038504281708
"253",6.20035079818964,0.948374134004994,-1.55732502205016,-0.0123363779433324,0.719310782533693
"254",4.49077422163304,0.962436479360323,-3.57529916915113,1.08681283604567,0.64730240709777
"255",-199.664701125618,4.30348821772252,-202.383067894882,-319.521615653905,-10.3850520879591
"256",57.0961327742326,0.32211233327967,-18.52897555604,12.0391778475127,1.17850789251411
"257",2.36654283694681,0.941743389532375,-1.61920117617816,-0.795439617390601,0.736062627373088
"258",-52.9581675907384,-11.0821493749563,-142.649142851687,542.267304287533,13.8497174467038
"259",-72.5954193693319,0.90736340405413,9.95201520828226,-48.5773373640409,0.176568577622188
"260",-118.627453386296,0.45990961103295,90.5157420561877,-131.551262480885,1.39557518780648
"261",18.2819288768112,0.700594285401734,0.276136539715366,-2.39991950984157,0.330329809479758
"262",621.486690495811,-17.6284641187794,11.7613060298421,83.4579321185965,11.9399440343761
"263",6.99242918110938,0.741065085594005,5.38526184036943,-1.21698308469024,-0.0514592048377507
"264",77.7149547983455,-8.11410818873533,113.28946532735,-124.767058005593,-6.3818993280948
"265",7.9493899645599,0.899478603867131,-0.335137193851556,-1.00864879213261,0.36862350075097
"266",-64.743169819381,0.944810278157954,-4.35419240621802,-85.1477379927765,-4.88332523812438
"267",0.982255910384872,1.01187323542978,-2.81441124535928,0.905685307234959,0.360393032361396
"268",-264.917537229065,7.39848095673266,-38.1975626600999,172.667118226711,-5.76202941594349
"269",-56.7492930079851,2.53818546643841,1.2414480060546,-33.9042771908103,-2.2827384947673
"270",245.665010372133,-28.4510244248336,33.6287523028481,303.338401113003,9.9521857771835
"271",337.683603686766,-8.68488492337775,-344.456468245226,-126.456515770092,-9.77859152987129
"272",13.8102170007409,12.9275811795057,-258.680133137607,-101.177321584398,-26.9735198749843
"273",2.49185041846636,0.869265773643197,4.67320533325888,0.114147174931097,0.281733699106625
"274",-9.15787510152135,1.01987789354908,7.81017318118198,7.51257621286445,-0.192359296235791
"275",5.61629982520702,0.919222009884976,0.374089787006612,-1.42902813132591,0.505343140957878
"276",1.75119942604872,0.898602023150276,5.05414829632206,-0.178073459225916,0.631879131827149
"277",10.8834175709761,1.12252689067935,-19.3429361431309,-11.1635122187359,-0.191305936772584
"278",2.14933145219896,0.976689531084609,-0.173394790302488,-0.497094258382459,0.493846710770093
"279",424.617326687785,-45.5102174191603,254.075742951417,148.855766296355,100.506594577603
"280",-14.1655923816771,0.449308326832061,130.602024114905,-32.6075897188319,1.48382037646531
"281",226.94290793815,-3.44753542708809,41.4737418954921,2.03164698898788,-1.75525444305758
"282",-13.2426988092826,0.119737528682379,247.714580683974,-49.3007223126877,-4.67250073382196
"283",246.274066948832,-23.2681760180983,-39.145729203881,259.233147786373,42.8469531166302
"284",-478.999649069449,11.3699499462716,-467.470810887974,-93.7927911076529,8.50389277514652
"285",-187.376067852325,10.0762839976076,-188.00674236311,379.19160125369,-5.89369013993551
"286",8.34254975679457,0.977036178542352,-3.44415769238669,-1.19144419094527,0.382022465806612
"287",-64.0006125834654,-9.72771852029424,285.860046323172,195.4756846319,23.8004699660969
"288",45.6666194731143,0.212947257854052,34.8698000927217,43.9045593648617,1.32865553712394
"289",-187.679014565221,1.83327974139827,-1.86641254059771,-121.506974711347,2.26782169588325
"290",124.403704852034,-0.0734142696265105,-149.684402320572,19.0120940161428,-0.898450912246075
"291",-188.106100341459,2.46412037760627,213.909337073614,20.8867812992926,-10.2926050354982
"292",-585.750327220985,27.4026685751609,-148.617619983709,-68.648796219535,4.60413544985916
"293",-34.9582288630307,1.24309466874787,15.130353144593,-38.6424667485346,-0.0178824071434431
"294",-219.172061975145,21.8730875085791,-276.465522005936,16.5776466708052,10.3210728336286
"295",165.631048377629,-49.4811446660363,255.097081291478,559.764463160818,175.263115263566
"296",7.63234999115806,0.869477312410391,5.7453351446954,-2.98253087392673,0.440558108097855
"297",161.476776308282,-2.59758431766648,163.073074489922,365.223404807563,-5.97943374736693
"298",232.486311020722,-8.65366579341554,196.564100085891,-99.3060692118714,-11.3728010026229
"299",-549.700030858486,23.8150546792823,-236.221095319485,193.824280098571,157.925912025993
"300",12.1006093774524,0.730697863697314,0.287951415312326,0.027993464591195,0.57447392343085
"301",-330.388518722333,10.1628911846643,-62.2410156680919,-18.82378838874,-7.32023709349612
"302",4.31270121931522,0.930531759000556,0.651918002507498,-0.52965265441241,0.567254682976812
"303",8.20546991271906,0.90471268023328,-1.75641078600377,0.0716449081607087,0.400220875045641
"304",-0.0513315777754283,0.99692819303831,-0.0791311013955533,1.66646707194183,0.311586806780822
"305",341.203566265009,-20.3252736106437,254.998061572879,-22.6748401644416,59.2325490565015
"306",-649.379606613185,21.3146210106948,-180.8453945214,-171.92023731261,-6.39950786958784
"307",-10.0297549577052,-8.08259640662579,-191.838335053208,261.185195446701,11.1362712352273
"308",-11.6733884600946,0.127213354471814,66.4435246539817,0.731066537842802,0.77171732844014
"309",4.23837064719104,0.963776511553849,-2.10378163059186,-1.1111394429739,0.493151228632255
"310",-41.4846227456808,-1.46669806916233,163.120117368255,42.1815078254977,-9.92909640875784
"311",4.8370580652651,0.917404404479761,0.775676443545117,-0.33902087550307,0.469492288188204
"312",51.1655907065392,-7.54751217278489,245.997982123003,-210.764752855646,12.3199530807693
"313",-124.229686140746,5.38918584424906,-62.1236605461445,64.2752920763044,0.0778775885414618
"314",10.4654756019873,0.833177916359587,-2.86198904142957,-1.1928495289795,0.634317908140805
"315",17.5694269035525,0.733655113112362,5.48251096700773,-3.35309978259343,0.515838100675575
"316",-191.459403990913,-10.0007176601725,121.257573658745,553.836525141147,204.746758295731
"317",-1.81133175089939,0.198573825612821,50.2379488697735,-15.9142461877152,1.54772407012544
"318",1.60391568251787,0.948424258740006,-0.17872370690584,0.265278908256938,0.250650522619208
"319",121.458207326461,-1.40721983106944,207.536985586595,46.8603633509766,-4.29613037454254
"320",19.7024800067646,0.779132610591332,-3.19973594158904,0.434180491158661,0.354402399306725
"321",-62.6653518794499,4.03563291591141,-118.2789049977,-147.636775682609,17.5252642352073
"322",2.88025312381722,0.939894903988542,1.49086988690804,-0.592255178691721,0.281996642768317
"323",-123.550011008652,2.48654469268517,50.6437929683808,-38.4258739257867,-2.6586186493749
"324",280.706140685094,-9.86590045900408,74.5755961864191,31.9486977845925,-62.048425039085
"325",-47.161161479469,2.73682152474153,-4.14223568482874,14.2667083575924,0.820327285999402
"326",163.730212686246,0.23791887366061,-91.9176884049384,33.7477313514526,0.217248452933693
"327",1.80475288242663,0.267877126560051,24.4017338125459,16.8164298807264,2.12063969064399
"328",-265.474256435933,122.854850879428,-305.650456398174,-113.173342029438,478.375178433958
"329",548.072918989757,-48.1255913962443,469.830237257419,-171.739584498586,78.5640453784391
"330",-52.8632201011177,1.34783279286054,128.423661659602,-38.5769170433058,8.90897500132252
"331",126.423966972336,-270.062479874684,178.622525941747,-857.967763774993,-427.909572030182
"332",-206.776349874094,-59.9055028101974,-40.8719512930232,-299.490996613815,-156.008898399223
"333",-64.6789231256108,2.89193022349776,15.9148941627757,-11.0286524308713,-1.39412602452874
"334",168.544402222224,-7.49504912994177,61.1132943796074,-29.6731491095216,2.77378714641142
"335",-100.559951556587,0.166342335216423,275.087988087184,-196.069054593371,-0.487341766143647
"336",-313.171125018018,0.754405110465882,-92.1657346295041,23.1033226850064,65.746223489837
"337",50.4850758469095,-0.170425502201138,25.9704586641989,73.8025947475605,-0.976890060180542
"338",32.2038194470841,0.890497395025916,-20.7723071333037,12.096573580956,0.816087656023042
"339",8.8653653083225,0.957096592899473,-4.24918834632279,2.25570185863327,0.518490501648913
"340",-373.196473433427,13.3019639684692,-31.7934461688498,-30.9846105819662,-34.6947272542082
"341",185.113791326294,0.652831320337438,-169.669135888869,207.905731386172,3.49252470260529
"342",34.6698014403902,-0.346677042372768,92.1200957512429,-6.42803774081189,-201.554149691869
"343",7.55809864994563,0.827457235016335,2.26792438071658,-0.536562024688287,0.0883893825550659
"344",-43.5261864560136,1.59735209299168,161.744300052076,-195.036739601745,-17.923628355677
"345",-204.160317006417,1.02678213253504,5.48708603185762,-177.959034744787,-24.0417520097882
"346",2.77477061277438,0.978544204632799,-1.08347903118796,-1.03324681887311,0.441459997102889
"347",463.910150158784,-1.51150887809769,-442.93883817622,-6.63023402628682,6.6392969627513
"348",201.046607252521,-1.01371156661342,-61.7627533810235,74.481974056961,2.69214993539135
"349",3.33941049480318,0.948130058832213,-1.60130414515011,-0.083745847731601,0.377204105177947
"350",1.06869340940999,0.966116275024581,0.49995177621151,-2.34533565548976,0.397857277841857
"351",4.07533239875166,0.976015198658533,-1.9639873384204,0.807452863836274,0.588620736248685
"352",-18.24378370198,11.5463242464828,-28.8767564785998,338.978955765233,-12.3137969144977
"353",227.577957538879,-6.78136446941553,168.506882743557,-166.115827622604,3.90195597004804
"354",-84.9087625285616,3.61243876229514,70.1982902032273,-44.9791737303803,-0.364542446615095
"355",401.906215148214,-14.2146289542701,401.829509391204,-8.11496059161014,8.41233594896006
"356",-88.5661915385095,3.77217357980723,12.9538229782829,-129.621400509018,2.82331154357915
"357",-41.0099018925643,1.92963372887776,39.2484993202215,22.1573186013435,-6.57968259287997
"358",29.2963846074787,0.0193273203531724,-2.28007213832519,-2.01080824000942,1.70147294597283
"359",-58.9756172887439,6.58658821376629,-78.2067093222655,164.659136747718,-3.40338744418729
"360",216.190908705867,25.7101853429902,-137.553055616845,241.583764432179,-15.7129533315614
"361",11.9644372217976,0.996070727002026,-14.7879136875231,11.964158812295,1.24882108989103
"362",173.464224022049,0.530995972240374,-118.06555972912,66.9381368023837,-9.16563081653464
"363",6.14209672594033,0.909898482475825,-0.702758504423086,-0.202975970549491,0.514826521445492
"364",-0.366955779657122,1.04868174666747,-1.21758149161708,2.34761275452916,-0.0496060437623931
"365",203.230401410984,-2.55089136651724,74.5323974341923,69.6797366481086,-1.67921495788123
"366",44.4562839106452,0.154900733905658,2.49567503653442,-3.7615692630734,0.305654892090564
"367",17.7721272134345,9.16642055962217,-389.741994736801,-379.87417816435,-13.9853667008427
"368",-10.05871473162,1.12975144219702,0.200904805716345,-11.3350704354635,0.358671558893571
"369",-399.189847021431,34.3742422085531,54.3262473520699,-266.693796817263,-2.57531432717941
"370",3.88576807857229,0.908801120203466,0.426985651048841,-0.421780764689744,0.679115416915967
"371",5.25428621220024,0.932420633889178,0.231221604375045,-1.60334759036953,0.582574008312271
"372",-120.453936561622,5.59021790321962,-31.6178666991435,18.8398169597669,5.14378374103976
"373",432.783489481657,-23.250216556998,93.1835788256874,139.676970393517,-11.407670887835
"374",255.103602954854,41.6883662754568,-351.35811112442,-119.191194218838,-142.731260260339
"375",-90.4612973035934,2.96188544690026,19.2637894101157,-34.1168464424406,-1.68769411030944
"376",-203.957929161087,4.13817711676085,-243.801373379511,-420.344606874076,-35.361561881942
"377",24.0047211812023,0.807777314022413,-20.6843976175946,0.138691334838231,0.55793950121313
"378",1.84478543798996,0.965925109449427,0.539669032419148,-0.206343140634404,0.552418249984265
"379",-9.91573046684212,1.14063152349878,23.4410090971099,-19.6240343363243,-0.553981954378231
"380",1.74594674015533,-0.216745859494121,-198.471208585158,-615.886756668887,28.2423272186837
"381",26.6560722436876,0.521920204115,-54.1378544055653,-12.3874611025687,-0.193363211203989
"382",10.5987787628565,0.940597079958396,-2.4599740960575,-3.29605733108813,-0.00337330940249516
"383",-108.443809624362,30.7449120499146,25.0353177223352,-36.9715419331182,-127.057828064026
"384",105.18507259002,-2.14420142806447,61.2286630262067,50.2991573978026,-42.2069886783806
"385",247.728922061259,-9.31172062262968,315.351399269042,-86.7481250365005,11.6933796619246
"386",485.60904699424,0.87578912990783,-112.097053673674,295.985664035086,3.78502762236301
"387",0.411169358287972,0.986824195115433,0.919117622762401,-0.740559028298062,0.594985312246004
"388",50.4370017084588,1.12550120243616,56.644984301314,109.534245790549,0.655137273880884
"389",-0.0184434779881966,0.923330563926897,2.06868940212534,1.17955115175325,0.446762058184056
"390",10.6995945328909,-0.137492522928676,0.303662808065154,-37.5415480428495,3.15881731857043
"391",-284.579231772466,9.07555890300586,242.221492209646,-230.535685495054,-8.93049351251316
"392",-198.215207043878,5.34869233599404,181.45706235161,278.93103672073,-21.7698394013593
"393",23.3178506247426,0.18709598328597,0.546799599078835,-3.73713678483795,0.479311604400072
"394",39.2255187209274,0.915370850085393,-24.6758111851071,9.98976655465985,-0.448158714206773
"395",72.2207654262417,-15.684582416291,33.021169985065,-259.364582947344,16.9740157733685
"396",-119.956187502779,5.79261302668731,-65.3898086272014,71.0681111530139,-4.50309066035723
"397",15.2090486781565,0.878024502000682,-12.534265716256,5.0537600912766,0.637600765372711
"398",0.827320096069612,0.958002165706643,1.96363225484898,1.08160374587953,0.219343025190118
"399",20.2765560055087,0.623147083235589,-1.61831085643463,-0.139656578781182,0.495415054675665
"400",-241.752508947644,1.88016807261159,-121.062324789757,382.273804659936,12.1680399786887
"401",19.2912369306309,0.450025622066695,7.75087094435399,-0.864618052145039,0.00341960128150045
"402",-129.857025892605,14.3458050523575,-498.804136219068,-81.8027151622276,31.6665457640145
"403",22.2589471495204,0.729650548825222,-18.7282881861408,-4.79126389317554,0.27376786943546
"404",2.98765363612262,0.948806868176638,0.755509594086785,-0.459132704990543,0.571111494808289
"405",-213.246751823153,59.7811645349603,-90.5004578043361,30.2460766867725,-337.90276347018
"406",12.8189695488945,0.873878706535478,-4.75371290296475,0.349430906489714,0.39748956891723
"407",7.89420914108597,0.885793849347875,-0.440812624666193,-0.202235372231201,0.14952866047034
"408",-117.429751564245,9.09422332933096,-39.9209155994952,169.656002697824,-6.28986349957116
"409",25.5320225894495,0.451271123914947,3.85950905558586,7.1714273099372,0.148418145003745
"410",3.52790631713887,0.961832139914749,-0.0885238221979647,-1.08411774039025,0.457980902460489
"411",1.07372643841178,0.96172683283182,1.53042151550151,-1.82367204593804,0.368552211984109
"412",7.27385820720994,0.861742203726172,0.40603212075317,-1.53068886459298,0.525922235046841
"413",6.84409682884196,0.881824944996248,-1.9674221985798,2.48435930848024,0.585006112283926
"414",149.498510324958,10.5562809086061,154.039572851082,327.785364072852,33.2139301952358
"415",2.44247637159265,0.963537409282112,2.79332545376473,2.10024040223291,0.57068041158007
"416",43.5663787497718,5.73869096637012,-147.188785029425,312.908371665836,9.70993809972604
"417",7.64008879924375,0.905641076457664,-1.21957457520303,-0.446038061253319,0.545286684253089
"418",177.668338180624,-14.7566981575465,130.935835444457,85.6928066223781,-18.5039760556827
"419",2.78815029673028,0.955761077992336,0.96946125165726,-1.07784655024083,0.351327235330075
"420",-123.572114758558,-10.0104971043486,120.791137554996,-338.911096005039,37.9416060100356
"421",318.53732276754,4.46773375572695,46.311855665226,420.559526547793,-6.23644266113189
"422",1.4560448855125,0.996664733761015,-2.31922840090641,-0.51256268678115,0.407808101944637
"423",2.13211033407963,0.995809422860815,-4.48051127463491,0.0923214905270424,0.437838857490528
"424",-257.521658572002,7.83966997138338,-97.69197093293,-70.1179604798932,1.82548054867687
"425",-1.57528060296111,1.05270157033379,-2.6927940566458,-1.86359460608789,0.0446059927842884
"426",27.9506709272277,0.777888190613578,-11.8430724651297,3.42461809040578,0.434292983221849
"427",8.56543868087993,0.774327653636087,1.4169372644286,0.277565472363247,0.525500578001325
"428",5.37918987467772,0.944320069424659,-1.17206308958322,-0.378967514229664,0.12547887403637
"429",7.75713226652565,0.7876956343289,0.949377110610419,0.779956547845473,0.401207993218662
"430",278.105412818157,-3.70852502073788,92.9888211074954,-153.026275072538,8.18644451506377
"431",189.475969341633,4.6452191299514,229.860199183334,-363.566489174876,30.7207376310685
"432",-53.643150639653,2.37626876417762,27.7172394591254,-6.00777012070247,-3.47377555847984
"433",2.01346109957469,0.922531402232575,2.41579009531732,0.0626710565373837,0.585618809471483
"434",1.83171517930961,0.973995550775869,0.511753759972381,-0.751723041307094,0.49626225940985
"435",211.450180241144,2.41242886186056,-155.961346279041,-187.514710442119,-13.4084178072619
"436",-123.052576330808,-6.91727417423389,-2.39707270637491,156.121659924927,34.9969899970163
"437",6.50472540313404,0.544356334238328,-15.6162130769099,-10.7418563736729,-0.95938601185729
"438",2.97270136673912,0.954116476678597,-0.011566992591576,-0.649111713888902,0.342456857011135
"439",49.3078885008013,4.97883352826863,-215.951651577851,101.776597263608,1.10877723156282
"440",5.61713139133992,0.910536305380912,0.955448665335321,-0.819675432064083,0.402478990618173
"441",26.7560812978378,0.501900895614387,-1.23743006706137,0.0783543054170573,0.454976927495283
"442",-46.492108539025,2.14655138290219,11.4653233905147,15.9597234474454,-0.413839043295446
"443",3.01021043976094,0.914525449976472,1.99675629681404,-3.26638539435744,0.468816111435201
"444",-221.979996168368,17.2620611735057,-55.525249223984,74.8199531564992,-15.4159336715049
"445",-0.703996158361809,0.959904155352616,5.03950536029622,-0.54174070261363,-0.113645059302799
"446",5.98177404744667,0.885053045341526,2.68768096988731,-2.01033499097908,0.478727792007943
"447",10.1019817286341,0.895289319038282,-0.464964097124539,-1.72201912131532,0.473174126942657
"448",-128.753917086963,4.69033066820146,-22.4620715122569,-5.41501613120657,-3.73429572437359
"449",1.80820665387329,0.975494391342681,0.461610016359742,-0.245911237671612,0.673524566886255
"450",17.8997893853795,0.66832603851776,-0.19268520375869,2.32243149941866,0.497657599309488
"451",-101.251073884373,3.38240560238977,35.3225270168238,35.8045898062586,-1.74318845308519
"452",-5.5912612909019,1.05639409241293,-1.06915800307873,-4.44256469412661,0.301338451519858
"453",-56.5712611489913,2.20528038365893,-3.13196409794893,102.137290049157,-1.60720783524269
"454",123.893159887212,-1.30133272397944,-73.3718450675647,-99.146762929462,0.159171599628891
"455",1.161507122628,0.97958083610125,-0.189599013917014,-0.269663089124084,0.372587346800766
"456",7.73520284836054,0.948326715766636,-4.57267516218979,-0.515573735902019,0.274396636527475
"457",7.03777122062767,0.94568315177184,-2.55230483229025,0.100406138397626,0.49540896224406
"458",299.309439837327,-25.8575009169398,-220.771581901987,480.958567421163,7.15512923491054
"459",10.2649746076984,0.859776895005371,-0.352578967357763,0.160871222765406,0.473616961639268
"460",12.2485326089328,0.854745017822264,-4.12588472086318,2.173030763029,0.797996593900893
"461",-241.427983031993,17.067660574469,-178.130487569575,-82.3541864087078,-24.5920918001629
"462",-3.59010500971362,0.974179037027234,4.51303921779917,7.21730345298317,0.357193608017347
"463",1.92465265344835,0.969517433751409,0.0729023595669481,-0.529800396214951,0.525172019618234
"464",104.646470480413,-33.4806258700603,-347.928842373021,-723.502890847892,123.724711231653
"465",-134.501065348412,2.43678120193049,204.16202611454,-62.2030910050836,-61.2946390768491
"466",200.625964695141,-8.82255791012419,-568.093415361634,-294.557492956801,15.0518903001883
"467",259.91977598871,-18.5456804941178,391.336564877417,18.7706457316094,-13.9247499582859
"468",-31.1652090829104,1.65152084699642,14.3435824949114,-19.653626371564,0.197502705255717
"469",7.78082010483265,0.821977115747065,-0.603363987995279,-0.1297265245805,0.668220514661513
"470",19.2563195673474,0.49654713422004,-2.89313177284451,1.62448026713455,1.02973118620115
"471",8.0068280340305,0.90543874658757,-0.168745318581013,-0.762489974351796,0.517617347135742
"472",114.898563511208,1.59865303979079,43.593486091543,109.06844378654,-3.7144067341714
"473",16.5043832321737,0.382291160826561,-154.443854317023,-107.867199678295,0.649889362343443
"474",-17.0641516688192,1.83131793245569,-3.19491792228689,-1.70212478487386,-2.67498471888761
"475",18.1417235028827,0.660521311983679,0.621952212725377,2.32628368593443,0.260263335453602
"476",5.38087880426291,-17.9989790574788,433.602444602573,357.368969551325,-183.773764759919
"477",-41.3815091565486,2.22803168782397,-4.06185075309487,-7.95271904813792,-1.04431939379442
"478",21.7610004408025,0.0481705335464591,5.62080546092755,2.64049156804214,0.880377406887574
"479",139.530183248317,-1.58295048525103,-16.5562883677735,173.808347692475,-3.36518554387971
"480",34.8066327888356,0.0350659585972578,87.7186713376992,5.72638852061639,0.592172244168098
"481",5.19828117586197,0.862048125401727,0.443708499450596,0.298515211028089,0.547566859894182
"482",3.7765262534332,0.933314993839924,0.272002450026647,-0.627224061046998,0.651448859974807
"483",1.86566891813411,0.902739499694539,7.51937051791346,0.912869382296122,0.397317193725163
"484",162.997393270075,-3.906150033272,-114.78739719493,141.096952641064,-2.34163973732831
"485",16.1042560327169,0.0870043953494161,41.6725082694753,15.421508169207,0.939912304114521
"486",100.323163329201,-0.135864806109266,-60.6578789976315,7.46412203020494,0.591978476043848
"487",223.542783482116,17.5047952280787,-43.8973181181859,407.134426450584,26.888708185532
"488",59.9924992956866,0.174398460090393,-15.7995621499796,17.7216675620584,1.06416435600408
"489",106.172484007554,1.13809723133801,-142.568210928812,43.5587629545583,56.024995120287
"490",2.13094051298794,0.971387442066209,4.05468767892074,-4.16733686267399,0.404819693339877
"491",207.895833827635,-2.81859265531837,37.7983114848313,-139.393713099436,-3.68537319497447
"492",2.95860129246352,0.960197404131352,1.14542412038877,0.903383631902074,0.579190529184324
"493",9.63086992864379,0.714878765259778,-2.57437212114532,5.277902962543,-1.29516583331799
"494",66.9549388280556,2.58728617349173,205.878109750529,125.772516180945,-9.22154622108584
"495",506.553698103766,-11.0342888109115,179.450749640721,-203.639983028245,27.4954700669284
"496",51.525788625807,-0.500364270746901,5.63548033075763,-7.13017682038027,1.49859486291878
"497",-4.03292848765914,0.890005800446274,-32.712935078207,-12.7491507031755,0.455371291597937
"498",92.2054294389351,-5.60352569800463,180.786423898464,-155.23478268067,7.6986984514625
"499",19.336945376895,0.673574765995439,-5.09120922570157,5.51568233448839,0.237198748884243
"500",-14.9237480784042,0.96406038811619,39.2805438774216,-75.4275198469455,-2.86659578685942
"501",4.6709963276904,0.919722906878972,-0.685399148147323,0.143002182778479,0.525934119085586
"502",395.658358016704,-10.5931361877682,-244.77373679252,79.3378763065016,38.250771798733
"503",2.25343839916891,0.944788485146058,-0.206599211626781,-0.342745747147979,0.382151610981342
"504",7.56470165199997,0.914944073339312,-3.5846456408867,1.40908579758396,0.644064887145589
"505",23.4350716064209,0.335418899198293,-6.00483425639926,3.21436262128376,0.823869393262619
"506",-14.8896535856874,-7.16783752330386,261.920091293616,-68.6799815101378,-11.7894167114478
"507",3.84919169744368,0.896226403979664,13.0550706517335,3.58325316838913,0.617194433048209
"508",11.6547495793673,0.600853595182243,6.75299230212363,4.75135638931928,0.103798029925273
"509",-74.4733921944087,-1.34164982226339,-96.956329883223,-74.9673165716708,1.49571202699299
"510",6.40728784796602,0.962163269423525,-3.45530815089091,-0.601245255023659,0.181895645202491
"511",297.515023514346,-26.5272232854807,90.0372069159672,-155.204173165553,-29.2188686550486
"512",13.6612447842892,2.80085256672053,59.4037513713,-81.8058529403318,1.37894104388843
"513",126.079923716569,1.64718736558415,71.0295384229408,263.395606529536,9.65542862563465
"514",-89.0225576205671,2.55446242061322,-15.4133463493982,-257.807083271029,-8.85418338295128
"515",3.48432236702506,0.958925037187772,0.0818732873145808,-0.614459157483248,0.22562432277781
"516",-27.7608726534452,2.10014281974144,109.257623469106,21.1459096733155,-4.51418611722582
"517",525.326643710245,-17.0159198507737,-270.930446194505,-280.107696027837,-50.4178833813598
"518",2.20252658975891,0.944527835865188,-0.893441162368586,0.0494529087267231,0.106781485428975
"519",42.2087488554422,0.0744284323989937,14.6377293267398,-9.17765832192862,0.699276954119802
"520",-35.3696632209668,1.98100176659102,-29.6635444172355,42.2138553056963,-0.263676991141372
"521",-6.14357360112256,1.29659882764135,-8.89215760391052,-3.96561441270124,-0.166376897371306
"522",-3.45897167759216,1.05416392039275,2.35766157636974,-1.01918051663316,0.225032099799825
"523",-12.2926495856231,1.089098862553,1.3884164648026,-9.38912740638928,-0.674894211469976
"524",179.626198738701,-18.2182975188777,-151.412399424795,-44.8589092685121,37.5693455829354
"525",-4.95756188837242,0.981297398814526,-2.87767871587893,-14.128939712084,-0.620182286881087
"526",2.1911885893574,0.984594992360605,-1.76901125865908,-0.347070399496136,0.634644488460134
"527",-36.2197809506773,-14.5680132983627,345.143182454429,-162.102351807113,24.1241045610756
"528",26.3005578912669,0.333708531854246,4.81315511509526,-1.18914823654441,0.756095581574706
"529",-0.108702699119935,0.978470459340211,-0.0667266891295894,-2.64009678874814,0.311607510205443
"530",8.46516763336263,0.868751792941072,-2.71507835962077,0.0915914993935315,0.498857178065224
"531",4.50174457594098,0.949459395999114,-0.593258149457825,-0.288653238634041,0.432407139057333
"532",14.0454498872421,0.689340009896929,2.55529002028849,0.681913398176584,0.459658115867789
"533",240.881475220526,-18.7404451137523,370.732423849632,101.103788815531,25.1378832745928
"534",-106.657473910452,7.57936297519889,-256.00442683368,80.1489448284866,118.836570359847
"535",-14.8476621898544,1.35878739919781,-2.70345184799776,-5.64322991862584,-1.21817854206188
"536",13.6228021453443,0.700132024429336,-1.40144285428276,-2.31642768795733,1.04429177941004
"537",8.88489627831466,0.515997256498107,7.83692801698549,-1.24558214501314,0.687601429018735
"538",2.03950909739881,0.929795753642044,1.34017768937401,-4.37265457113932,0.330771209269362
"539",247.838839992109,0.143575880713163,132.519586811006,149.704200937684,0.669044852188421
"540",13.9114291064522,0.693207860024944,1.96517242094496,-1.09424412463753,0.118092305798545
"541",415.330667047953,-0.84621468005834,-162.04674634123,211.4410520739,-23.1240496700144
"542",378.450425083179,-10.1411205880839,-184.1202782816,167.551721886661,33.5912443927797
"543",3.05245066791291,0.946702828964127,-0.997503532085267,-0.0202479766276526,0.289929744512526
"544",-122.558601897421,22.5852357576081,338.483603636866,287.334863650822,-13.1262558471099
"545",9.07197510510166,0.914964226360902,-6.38226884086486,1.65336897251447,0.708915390788676
"546",298.079040749961,-32.0451943828905,278.358365657181,-308.618144885253,128.737861676739
"547",3.96392977865308,0.953189306941636,-0.356839976317848,-0.508963435828682,0.452198841941178
"548",8.51862364764738,0.864547813874893,-0.910255243311304,-0.782596935622146,0.218770368278625
"549",12.8457716950045,0.855746989205696,0.143928350096652,-3.49818860558794,-0.208042911235701
"550",-0.66860465715484,1.00030330877948,0.715004505451587,0.123657414883936,0.72583071992703
"551",32.9723005297774,0.99311067631437,-46.0531686716383,14.4942171436388,0.0750414155749026
"552",308.147277831771,-29.9206444379317,-68.3795589936774,-2.30299072094522,86.7347895028952
"553",83.987372542799,0.891113240276566,44.8707091100598,79.6534017947021,-0.113213588225814
"554",72.0373343519812,21.8588938987386,-48.5505901154292,221.930177607094,-6.6811683791099
"555",185.64663901188,-3.42928210290051,14.5345232272144,96.166371150304,6.8315846458622
"556",39.6336674242934,-0.379417104926003,-71.42858725965,46.2697457709378,5.11816138908164
"557",14.6712082207387,0.831146956899993,9.35229121419386,-8.68383766403623,0.383515313660798
"558",234.953051679843,7.68187796003428,-199.724509709135,254.196242033442,-4.6510665859839
"559",131.635792130442,-0.594867942669733,-100.226135924854,58.3354329295438,-0.623222773388901
"560",-84.7472893142548,2.77350666595886,-30.2960125500599,-46.8898712967295,-4.51593732413898
"561",6.84026565457209,0.831967967052188,-0.927174429057326,0.340366931668308,0.528245948863415
"562",-0.764138738901813,1.03362358188003,6.00136725088971,-1.55552585779861,0.156935684469064
"563",-421.706631637451,8.37530947304299,174.419505215344,-167.426249271613,8.54158919628906
"564",15.0477700283609,0.638239000664256,1.4360502555483,-0.424863882161863,0.558281558008111
"565",209.784211462594,-1.66347658338444,-171.319958359634,69.5150584462277,1.32574372719646
"566",65.7171220063126,-1.12574760850785,279.189999386082,70.9832532116117,-1.10903674215977
"567",-313.75775264785,13.0737775279492,164.186777046888,176.598719872838,-20.5718176309615
"568",8.78480225632784,0.422245707918067,18.4854275832651,-6.20166732558323,0.430671488145699
"569",2.2904944885657,0.942317120951469,1.10422868414417,-0.602304602915804,0.15648438653207
"570",2.68383934403457,0.950882255650127,0.476560960478842,-0.0553382434374309,0.485582547734631
"571",4.281892784265,0.958772213386967,-1.44894538642925,0.128102574482616,0.400865973392742
"572",4.20060748386164,0.850514377398277,5.73720112211056,-7.73214142710611,0.00137429130534298
"573",45.4696284013351,-0.108430037705827,16.0202418363571,-26.2982199877066,1.75218139506924
"574",-205.348461159991,8.00625040196702,33.7904461629821,-80.3752701774878,-2.62727333812383
"575",-111.409727015519,19.9220564077511,285.181955098943,-424.941550575542,45.6613403336097
"576",-236.401452256931,1.71214256203276,-56.9596264970292,-97.6671221305883,0.391003567150842
"577",195.520301974523,-6.60671186561585,113.440815002379,384.064390268084,-2.11564484488284
"578",-23.2649496744175,0.631032404931599,-1.46830342078671,-36.4156976680002,0.28928698993705
"579",44.6596870762165,-0.743868545071402,28.4183269847994,8.91068933881641,1.09751405408029
"580",-205.216592406927,7.22684731693209,38.4449235360138,-12.1448628715969,0.100429446159367
"581",35.9999056112616,-1.37138935823507,165.20221265688,-46.0860680546009,1.19735910659245
"582",635.34326262463,-195.65548674033,476.751879909693,-201.305502293328,-100.392289846413
"583",-28.0400864341792,1.47186144233292,-31.976980546987,-17.2477549364522,-0.393555270658619
"584",375.076176803791,-8.28673062340345,340.467955810167,-107.50630971181,6.46466599169265
"585",107.19320265328,-15.3824391442207,182.583817828254,-191.146285284716,19.3835291872013
"586",204.946227570069,-3.34787792186376,-11.8594154050178,3.60569006723677,2.73978893003777
"587",124.054746161975,-3.44726562173546,45.3987610052369,-34.7617737336613,2.05226929777384
"588",1.49277381222405,0.952882929132336,0.998698694267352,-1.04549632473573,0.286834137234849
"589",359.983179753886,-11.9309952059484,70.576458670656,-26.2202373942966,-12.4941445490375
"590",95.440117667811,-10.0805364686852,-235.06689813496,-276.036484894465,119.740906000396
"591",3.30063003080523,0.945497185802387,0.244442929514491,-0.551836945341657,0.464166409680235
"592",45.4646868115148,-7.5783182415462,536.956527398677,-45.0031817900206,3.81730883164038
"593",-173.651118532283,2.88701395497119,17.7280876504291,-72.3240243768249,-1.75687264480504
"594",386.494010290301,-3.02752881566195,92.0485467886512,255.854619237004,5.23382640366698
"595",-1.42563919487918,0.980761736676339,4.12691326543183,-1.25881792568734,-0.0460391796148104
"596",4.97767030274573,0.856739510490032,2.04813696147284,-2.82587578871073,0.723331242052879
"597",8.85363237915444,0.840007652443908,-1.00897476350295,-0.468359983158957,0.409532293605764
"598",18.5353999881674,0.788823730476604,-3.76734405950321,-0.488922533011792,0.5491702226015
"599",-38.5588380093336,-0.709039960997718,106.677104409406,-94.2572213621218,1.71373179633618
"600",48.981975444473,-0.983392151202233,32.3240485677044,33.0977461192877,3.69559627024536
"601",41.152843321366,0.258660405434528,-4.8278513091523,-1.01906595752673,0.574199046249452
"602",-95.7709995468166,4.02972401251408,-155.188306887057,206.216416214711,25.0035720488658
"603",71.45051094693,-6.41968493344141,-241.532285017351,-146.781555303123,7.35950358768666
"604",103.400993997993,0.333411083436756,76.3024975350011,-133.591216132492,0.0308615701915714
"605",-323.787562030657,559.979169193482,-268.940513414707,-474.09262924764,365.236441821333
"606",11.4399246629181,0.771882597432357,-0.684831571355777,10.4098310958453,0.75831075515976
"607",67.5409489414919,-45.7856516415386,81.9826452625109,477.093478189965,-0.271411350138818
"608",64.3802596798001,7.46975365958715,-383.955389201757,183.062305527964,29.138310194519
"609",5.99553285537892,0.945393624491786,-1.62415846496347,-0.676089158310774,0.397086617772218
"610",141.089531644528,0.133832242979441,-1.80441325133959,95.9328506209915,-5.03493729455558
"611",426.690883703706,-10.6143425363694,-294.24129514761,-211.163716634072,73.5651151863213
"612",-12.4638988793799,13.6403295587927,-69.8315863357478,371.401310405337,-33.1986635960603
"613",9.9146938923192,0.79242818781767,15.0394350642934,5.8912828255772,0.894696199972134
"614",106.14970476064,-5.77177316904955,357.388361791627,186.34036497148,135.489494398799
"615",124.189099933678,-3.36932439947383,-11.3630647872148,59.1873149600671,0.272098170361062
"616",-30.2979651048815,1.16617739786687,6.8027522896287,-18.4776822796437,0.99296913327838
"617",-1.37154143271369,0.696257357622479,27.6513966447029,11.1970572778719,0.709239892173655
"618",78.4974389818647,0.671480056559636,19.5525389167166,81.8006619197559,-0.919775325681758
"619",-77.6650314904208,0.760898758414728,55.7164129917415,-26.2691284317834,-1.21443070444795
"620",-54.6884510599428,4.10407002778585,294.440471163731,145.259313439031,0.550176376602189
"621",-3.88010811768733,1.03631305619791,-0.967366445653072,-3.7348207051832,-0.160573838511444
"622",-86.8891356207086,6.05776135121932,-47.6908207201815,32.770168681134,5.91763610801381
"623",5.29834330331456,0.947569493288537,-2.00338324932539,-0.804997887619919,0.218584112656927
"624",13.4357252526188,1.04770275337567,-15.1514934930618,6.18748899852837,0.52659615823111
"625",458.113077458272,1.73843012718719,-513.692016279937,-49.4677294797491,-28.4689539646002
"626",-7.77448295572499,2.44073985530971,60.2211905581866,32.0729196840925,4.5963222780522
"627",8.36464728074279,5.42254376332936,-132.103187236698,57.8556497132372,-1.64074055086328
"628",1.09881889129161,0.970224496975574,0.890772936323951,-0.873502528759677,0.612578504848421
"629",-96.2163931071691,-46.836958207742,-172.919810057576,-126.020036240884,6.09543831875494
"630",2.62165019279715,0.948743661588221,-0.0450757075583849,-0.168596976470816,0.646169916865281
"631",-156.648576309597,-6.46244847404792,-110.929578693061,-582.881302774917,11.9102717822347
"632",2.79435667784328,0.752912198872422,14.9050422645918,18.3727182824177,0.588725521793688
"633",148.929019087545,9.47822994900725,-250.827609522225,215.851355849317,7.16829589277293
"634",557.787481459256,-10.6510930640819,22.8264827516796,-386.08935654398,0.910519122203829
"635",1.37582845002108,0.980609175777272,0.610585589008138,-0.765325776682685,0.495706583012881
"636",-170.178577810321,0.606450531556535,333.615421524613,229.14243578176,-0.339869727990991
"637",12.3857151500549,0.528207326743152,-9.65323853905688,-21.8091527341369,0.86058585783068
"638",5.26955120447948,0.894953852122977,-0.118915260602453,0.677940468470648,0.594120634257087
"639",-238.603534790381,-32.8424388076984,421.171387602096,-120.819017078864,311.261615423835
"640",287.378854720626,-26.4594577400452,269.539256065406,14.5069404329712,-261.495546991891
"641",35.8426332437588,-13.3325055250837,191.754635132638,-697.486293526869,63.9545196026127
"642",55.9640014890703,-0.438745356422431,33.1668265867151,-17.9450297723388,0.78087160292921
"643",504.579548534486,-5.77366610301675,107.456797838628,-125.442536347155,-9.39362871005262
"644",145.732953903584,-3.95755436131524,-265.25728360481,-138.969942745679,10.0058236720481
"645",52.9082885722134,0.0721672928417151,-24.4068170385165,3.87590638696594,0.26145178009819
"646",-194.233292040416,15.1095715291839,-423.622791746427,136.986180832241,12.7899898620911
"647",196.33846843128,11.4340120641104,9.20237681448,-187.685304292312,-16.1248293199395
"648",-264.265051789566,0.512715352107728,342.456407894833,-189.588499539576,-4.12251644555735
"649",16.3959003399946,0.878160825249963,-7.37059128023471,1.06688818065994,0.252294904607284
"650",277.942857035837,-23.5651594210624,-82.8515685645144,-154.049388564036,-236.9148181112
"651",-125.800310093102,1.64060255244987,29.5362442588685,-185.777428166398,5.27604721397199
"652",1.91283298762243,0.9759023283069,0.241451145356662,-0.153759169427975,0.572287120869688
"653",237.943475514073,-4.31874367715167,33.8106906678417,-265.533043131008,24.2641249065662
"654",8.98168044478341,0.651433455630064,8.81413074247531,-3.71172709007633,0.0801371405783552
"655",-330.707202282553,8.39819427120268,-257.129284635015,103.901128706002,-6.34020001105263
"656",1.82600232539837,1.02180443799673,-3.84692566208428,-0.0420936197492609,0.375413116501926
"657",13.8481127505627,0.77326544156097,-3.73867281670736,2.29922118856156,0.418284629190688
"658",8.62731282781737,0.0516701504403712,342.734056316728,205.867285864129,-112.330077210229
"659",-177.70644549059,3.4884467189881,-131.459068945985,-264.441182554687,-7.79293305666126
"660",10.9175803854709,0.763997898693107,2.28653133619523,-3.16966699895372,0.265048662494555
"661",314.892343382536,-7.16642651645494,-12.6996614234719,-90.6267840253448,0.913216639073163
"662",227.474705768699,-4.57842861796334,-14.5806723624364,-5.57733403884595,3.76036054866002
"663",0.786516069189711,0.971568331068143,-0.878764768702896,0.819686029814404,0.701683958138905
"664",-7.96813002732436,0.929665870105801,17.732751879823,16.2875588681446,1.00797090741668
"665",87.173709997297,0.00856423266548396,-3.83961306326041,25.2756066767214,1.09426607040156
"666",46.1566012294846,1.09964348100559,31.6791242365674,35.8820822799977,-4.1549043941641
"667",-404.655893717163,26.0167025899568,-12.7820820782477,139.58128640029,-33.8433000346574
"668",11.4959002511279,0.051174633881669,16.4775592141112,23.3877982591541,1.24412483970965
"669",-1.81373591961419,0.986324781685052,1.03966571049166,-1.81655925901438,0.548250298471354
"670",-52.3289586444065,24.022601050057,232.736643597791,209.461784771389,-218.671886148904
"671",6.80740277223978,0.89723007468303,-0.925154950554244,0.533640820933438,0.25658143438741
"672",4.25562532511366,0.67594154189673,17.4285755800113,-12.235266835501,0.304512946133285
"673",20.2068899069477,0.785841954792199,-9.22554579093081,15.4745308426864,0.261352808968011
"674",4.02244438835143,0.920015708126624,1.51280579336149,-0.41649525194469,0.313251277360022
"675",-61.1096609437813,-4.55901463638128,271.097370963215,-52.3023417296549,8.05053559945173
"676",70.446240368699,-4.90462587869808,47.6962632672986,500.775765352476,102.177532831175
"677",1.91862878385667,0.969960588008153,0.341250460607444,-0.652013173660206,0.340010997458232
"678",36.8936353418956,0.0144709128660554,32.9317578998166,3.16384751237918,0.107128538992897
"679",-129.38480640668,5.51617382343315,53.5902815932309,-36.2621788811966,-2.4226562435851
"680",120.519750987792,-12.489953593756,-113.3926580028,331.907768197377,30.6785179835972
"681",474.282177279277,-10.546211341073,-238.329426893777,135.916399588896,27.6406097579273
"682",21.2562996529793,-11.7620669574676,263.565560115072,-169.744923374433,-79.7126674768314
"683",-79.2092656227587,7.61300141401358,58.3071126937621,125.18350739119,-11.043686072537
"684",-635.607009850723,9.65373764777265,-90.0433259277492,-337.621046306315,35.7318316185411
"685",7.5185334732004,0.385116054679675,20.1312907387718,-10.9945985266355,1.18772340607491
"686",5.26415158935238,0.89930097163956,0.303602326027037,1.45546024646278,0.734170700135964
"687",-129.14510030079,4.22022092022627,-105.469151292753,62.8037866999066,-2.01303630251006
"688",40.5241289662117,-0.313260230140798,1.28214078065182,7.27971522199748,-1.19773415533082
"689",360.271044466977,-7.70752130119739,244.058136201981,300.329138646381,3.85458452645917
"690",93.5703434279222,-6.70907604811714,-187.658255474176,255.025304488953,22.7050427677232
"691",72.2058926149024,-0.536385159067858,-0.770542239995461,0.202844250191141,0.972021359276344
